{"Fid":"cY3TqhAYQ1SJhkuhwLewMg","Status":3,"AuthToken":"eyJhbGciOiJFUzI1NiIsInR5cCI6IkpXVCJ9.eyJhcHBJZCI6IjE6MTA1MzIxMzIzMTE4OTphbmRyb2lkOjU5ZjczZDRkYjcwMTdhZGRlZjJjZGMiLCJleHAiOjE3MzAzNzg4NDEsImZpZCI6ImNZM1RxaEFZUTFTSmhrdWh3TGV3TWciLCJwcm9qZWN0TnVtYmVyIjoxMDUzMjEzMjMxMTg5fQ.AB2LPV8wRAIgU7ltBUO92JmMT8ZUjSuvQ-1HlglcIWGC7aYzIRcYkEkCIAd0N4vw4XiI3eLCULvTmgGOsLbyQgNxJwo82hLjZTwS","RefreshToken":"3_AS3qfwL8HJ-eIJAoAwqrIXNgmEIvAdGlrypWYKj92WPrN651VjB7xb74Ki3DRVFB5YG9WamyKcAXBblDq66v3n2G7YmbCgjBxiWvxOKFCzBKiYk","TokenCreationEpochInSecs":1729774041,"ExpiresInSecs":604800}